alert, 0.737676
alter, 0.737676
later, 0.737676
arose, 0.733782
irate, 0.730213
stare, 0.729888
arise, 0.720317
raise, 0.720317
learn, 0.712367
renal, 0.712367
saner, 0.70458
snare, 0.70458
least, 0.700524
slate, 0.700524
stale, 0.700524
steal, 0.700524
cater, 0.698577
crate, 0.698577
react, 0.698577
trace, 0.698577
clear, 0.696468
eater, 0.693925
store, 0.693873
loser, 0.691764
atone, 0.691115
aisle, 0.690952
teary, 0.690304
adore, 0.689168
alone, 0.689006
scare, 0.688681
early, 0.688194
layer, 0.688194
relay, 0.688194
erase, 0.685562
trade, 0.685274
tread, 0.685274
leant, 0.685112
opera, 0.684625
earth, 0.684301
hater, 0.684301
heart, 0.684301
taper, 0.680732
paler, 0.678623
pearl, 0.678623
tenor, 0.67846
aider, 0.675702
alien, 0.67554
share, 0.674405
shear, 0.674405
crane, 0.673269
tamer, 0.672782
grate, 0.671809
great, 0.671809
parse, 0.670835
spare, 0.670835
spear, 0.670835
realm, 0.670673
glare, 0.6697
lager, 0.6697
large, 0.6697
regal, 0.6697
cleat, 0.669213
eclat, 0.669213
elate, 0.669108
snore, 0.668564
inert, 0.664995
inter, 0.664995
yearn, 0.664995
baler, 0.664833
blare, 0.664833
stern, 0.664671
stole, 0.664508
liner, 0.662886
smear, 0.662886
tease, 0.662527
caste, 0.661426
outer, 0.661101
route, 0.661101
easel, 0.660744
lease, 0.660744
saute, 0.659966
scale, 0.659317
after, 0.658668
feral, 0.656559
flare, 0.656559
dealt, 0.65591
delta, 0.65591
taker, 0.655586
resin, 0.655099
rinse, 0.655099
risen, 0.655099
siren, 0.655099
lathe, 0.654937
yeast, 0.653152
water, 0.65299
ratio, 0.652828
score, 0.652665
roast, 0.652503
ester, 0.651832
reset, 0.651832
steer, 0.651832
terse, 0.651832
leapt, 0.651367
petal, 0.651367
plate, 0.651367
pleat, 0.651367
rouse, 0.651205
islet, 0.651043
solar, 0.650394
canoe, 0.649907
ocean, 0.649907
eaten, 0.649501
afire, 0.649096
trice, 0.649096
crest, 0.648772
safer, 0.648772
other, 0.648285
terra, 0.648267
stead, 0.648123
ramen, 0.647474
haste, 0.647149
older, 0.647149
relic, 0.646987
trail, 0.646825
trial, 0.646825
anger, 0.6465
range, 0.6465
ideal, 0.646338
avert, 0.646176
enact, 0.646014
leash, 0.64504
shale, 0.64504
trope, 0.644716
cedar, 0.644067
clean, 0.643905
lance, 0.643905
paste, 0.64358
metal, 0.643418
reach, 0.643094
swear, 0.643094
lapse, 0.641471
onset, 0.641309
stone, 0.641309
caper, 0.639524
recap, 0.639524
stair, 0.639038
enter, 0.638806
aside, 0.638551
horse, 0.638389
shore, 0.638389
bleat, 0.637578
table, 0.637578
arena, 0.637572
crone, 0.637253
metro, 0.636766
anode, 0.636604
eager, 0.636475
agree, 0.636475
ready, 0.635793
tried, 0.635793
inlet, 0.635631
steam, 0.635631
poser, 0.63482
prose, 0.63482
spore, 0.63482
their, 0.63482
stage, 0.634657
sepia, 0.634008
email, 0.633846
idler, 0.633684
agile, 0.632873
noise, 0.631737
cream, 0.631575
payer, 0.631251
repay, 0.631251
tripe, 0.631251
grace, 0.630602
laden, 0.630602
sneer, 0.630442
heard, 0.62979
beast, 0.62979
baste, 0.62979
fetal, 0.629304
peril, 0.629141
argue, 0.629141
plier, 0.629141
acute, 0.628655
stein, 0.627844
cease, 0.6277
extra, 0.627519
elite, 0.627289
arson, 0.627195
sonar, 0.627195
sleet, 0.627015
steel, 0.627015
drape, 0.626221
panel, 0.626059
penal, 0.626059
plane, 0.626059
brace, 0.625735
relax, 0.62541
erect, 0.625369
treat, 0.625232
entry, 0.625086
shire, 0.624923
drone, 0.62395
nicer, 0.623788
train, 0.623626
close, 0.623301
merit, 0.623301
remit, 0.623301
timer, 0.623301
heron, 0.622977
ovate, 0.622814
sedan, 0.622814
forte, 0.622652
gayer, 0.622328
tiger, 0.622328
urine, 0.622328
nurse, 0.622003
louse, 0.621841
ashen, 0.621841
feast, 0.621517
spire, 0.621354
actor, 0.621192
snarl, 0.621192
sober, 0.62103
raven, 0.620868
meant, 0.620219
trend, 0.620056
false, 0.619407
prone, 0.619407
agent, 0.619245
carol, 0.619083
coral, 0.619083
hotel, 0.618921
cause, 0.618759
sauce, 0.618759
skate, 0.618434
stake, 0.618434
steak, 0.618434
dream, 0.618272
utile, 0.618272
retro, 0.617828
farce, 0.617461
tribe, 0.617461
erode, 0.617417
grade, 0.617298
harem, 0.617298
angel, 0.617136
glean, 0.617136
angle, 0.617136
scree, 0.617005
tower, 0.616974
wrote, 0.616974
cadet, 0.616812
valet, 0.616812
alike, 0.61665
leery, 0.616594
recut, 0.616001
truce, 0.616001
cheat, 0.615838
sweat, 0.615838
teach, 0.615838
waste, 0.615838
reuse, 0.615771
lower, 0.614865
decal, 0.614703
creak, 0.614378
haute, 0.614378
deter, 0.614126
cruel, 0.613892
ulcer, 0.613892
leach, 0.613729
ultra, 0.613729
racer, 0.613441
miser, 0.613405
ether, 0.613303
there, 0.613303
three, 0.613303
grape, 0.612756
bread, 0.612431
debar, 0.612431
beard, 0.612431
elder, 0.612344
eagle, 0.611658
rehab, 0.611458
ethos, 0.611134
style, 0.611134
those, 0.611134
royal, 0.610809
anime, 0.610647
diner, 0.610485
goner, 0.610485
suite, 0.610485
overt, 0.61016
place, 0.61016
trove, 0.61016
voter, 0.61016
slice, 0.609836
refit, 0.609187
stave, 0.609025
leper, 0.608505
repel, 0.608505
cameo, 0.608213
credo, 0.608051
decor, 0.608051
lover, 0.608051
clone, 0.607889
talon, 0.607727
tonal, 0.607727
pesto, 0.607564
tense, 0.607408
motel, 0.607402
alive, 0.60724
chore, 0.607078
filer, 0.607078
flier, 0.607078
rifle, 0.607078
sower, 0.607078
swore, 0.607078
worse, 0.607078
oaken, 0.606915
salve, 0.606915
delay, 0.606429
tilde, 0.606429
curse, 0.606104
chase, 0.605942
ripen, 0.605942
borne, 0.605618
lithe, 0.605455
slope, 0.605455
carve, 0.604969
crave, 0.604969
sheer, 0.60494
gamer, 0.604806
meter, 0.603568
weary, 0.603509
write, 0.603509
retch, 0.603184
wrest, 0.603184
taken, 0.603022
egret, 0.602746
greet, 0.602746
death, 0.602535
space, 0.602373
camel, 0.602211
spree, 0.601923
slept, 0.601562
spelt, 0.601562
polar, 0.601237
drake, 0.601075
ankle, 0.600913
pause, 0.600913
elect, 0.600552
latte, 0.600415
verso, 0.600264
scone, 0.600102
amber, 0.599939
crept, 0.599615
smote, 0.599615
serif, 0.599291
artsy, 0.599128
satyr, 0.599128
stray, 0.599128
adept, 0.598966
barge, 0.598966
beret, 0.598632
parer, 0.598358
radio, 0.598317
erupt, 0.598155
exalt, 0.598155
riser, 0.598084
miner, 0.597993
poise, 0.597993
salon, 0.59783
heist, 0.597668
reign, 0.597019
pedal, 0.596857
plead, 0.596857
rebel, 0.59685
rivet, 0.596695
slide, 0.596533
cable, 0.59637
scent, 0.596208
skier, 0.596208
matey, 0.596046
meaty, 0.596046
acorn, 0.595884
unite, 0.595072
untie, 0.595072
otter, 0.594793
unset, 0.594748
cried, 0.594586
liver, 0.594586
olden, 0.594586
cider, 0.594586
triad, 0.594424
spite, 0.594099
mealy, 0.593937
slant, 0.593937
state, 0.593833
taste, 0.593833
horde, 0.593775
smelt, 0.593612
wiser, 0.593612
aorta, 0.593559
molar, 0.593288
moral, 0.593288
rogue, 0.593126
rouge, 0.593126
snake, 0.593126
sneak, 0.593126
trash, 0.593126
amuse, 0.592963
enema, 0.592874
shade, 0.592639
brine, 0.592152
spiel, 0.59199
usage, 0.59199
nosey, 0.591828
octal, 0.591828
usher, 0.591828
frame, 0.591666
owner, 0.591666
rearm, 0.59164
dance, 0.591503
navel, 0.591503
facet, 0.590205
price, 0.590043
leave, 0.589994
tapir, 0.589881
abort, 0.589557
strap, 0.589557
reply, 0.589232
abode, 0.58907
adobe, 0.58907
spade, 0.58907
medal, 0.588908
preen, 0.588897
elope, 0.58876
maker, 0.588583
altar, 0.588486
lunar, 0.588421
purse, 0.588259
super, 0.588259
fecal, 0.588096
lemur, 0.588096
phase, 0.588096
shape, 0.588096
glade, 0.587934
intro, 0.58761
rayon, 0.58761
towel, 0.58761
labor, 0.587447
snort, 0.587285
gruel, 0.587123
abuse, 0.587123
pecan, 0.586961
craze, 0.586799
rebar, 0.586704
since, 0.586636
saint, 0.586474
satin, 0.586474
stain, 0.586474
peace, 0.586155
smite, 0.58615
shone, 0.585825
aware, 0.585607
asset, 0.58547
azure, 0.585338
wager, 0.585014
brute, 0.584365
maple, 0.584365
rebut, 0.584365
slain, 0.584365
snail, 0.584365
tuber, 0.584365
ample, 0.584365
bathe, 0.584203
coast, 0.584041
naive, 0.584041
ascot, 0.584041
slime, 0.584041
smile, 0.584041
finer, 0.583878
infer, 0.583878
trite, 0.583413
abled, 0.583067
blade, 0.583067
corer, 0.583002
break, 0.582743
baker, 0.582743
brake, 0.582743
steed, 0.582727
opine, 0.58258
adorn, 0.58258
cairn, 0.582418
stoke, 0.582418
hyena, 0.582256
bluer, 0.582256
tiara, 0.582179
crime, 0.582094
lemon, 0.582094
melon, 0.582094
sheet, 0.581905
these, 0.581905
smart, 0.581607
force, 0.581445
media, 0.581445
omega, 0.581445
genre, 0.581356
green, 0.581356
homer, 0.581283
elide, 0.581219
serum, 0.580309
shame, 0.580147
filet, 0.579823
leafy, 0.579823
surge, 0.579336
lever, 0.5793
revel, 0.5793
creed, 0.5793
flora, 0.579174
cutie, 0.579174
payee, 0.579162
steep, 0.578888
grail, 0.578849
inept, 0.578687
cheer, 0.578477
sewer, 0.578477
agate, 0.578477
truer, 0.578477
spent, 0.578362
grave, 0.5782
apron, 0.578038
loath, 0.577551
under, 0.577389
sleep, 0.577106
grope, 0.57674
leaky, 0.57674
pride, 0.57674
pried, 0.57674
ruler, 0.576694
algae, 0.576694
noble, 0.576253
cower, 0.575767
abide, 0.575604
crepe, 0.57546
creep, 0.57546
gleam, 0.575442
eerie, 0.574999
freak, 0.574469
rebus, 0.574469
abate, 0.574364
puree, 0.574226
rupee, 0.574226
rainy, 0.574144
value, 0.574144
betel, 0.573815
snide, 0.573333
brave, 0.573333
foyer, 0.573171
stove, 0.573009
niece, 0.572855
prune, 0.572846
retry, 0.572718
serve, 0.572718
sever, 0.572718
verse, 0.572718
scene, 0.572581
shine, 0.57236
clerk, 0.57236
reedy, 0.572307
probe, 0.571873
wafer, 0.571873
order, 0.571758
begat, 0.571711
crier, 0.571621
berth, 0.571549
ensue, 0.571347
olive, 0.571224
solve, 0.5709
blame, 0.570575
nerdy, 0.570575
amble, 0.570575
obese, 0.570524
wheat, 0.570251
surer, 0.570113
manor, 0.570088
often, 0.570088
chose, 0.569926
torus, 0.569926
liege, 0.569839
salty, 0.569764
bagel, 0.569602
trawl, 0.569602
groan, 0.569115
nadir, 0.569115
drain, 0.569115
organ, 0.569115
cover, 0.568953
snipe, 0.568791
spine, 0.568791
wreak, 0.568791
creme, 0.568742
house, 0.568466
comet, 0.568304
whale, 0.568142
felon, 0.567979
image, 0.567979
dirge, 0.567817
ridge, 0.567817
shoal, 0.567655
edict, 0.567331
decay, 0.567331
ounce, 0.567331
beset, 0.567234
flyer, 0.567168
token, 0.567006
fleet, 0.566822
valor, 0.566682
patio, 0.566519
ethic, 0.566357
copse, 0.566357
scope, 0.566357
suave, 0.566357
chest, 0.566033
abase, 0.566
belie, 0.565725
flair, 0.565708
frail, 0.565708
roach, 0.565708
amend, 0.565708
newer, 0.565451
renew, 0.565451
exert, 0.565314
grant, 0.565221
gloat, 0.565059
tidal, 0.565059
loose, 0.564903
apnea, 0.564629
stark, 0.56441
prime, 0.564248
baron, 0.564248
ombre, 0.563924
sperm, 0.563924
shalt, 0.563761
gripe, 0.563275
siege, 0.563257
story, 0.563112
depot, 0.56295
shake, 0.56295
bride, 0.56295
flame, 0.562301
extol, 0.562139
screw, 0.561977
chart, 0.561815
straw, 0.561815
crude, 0.56149
dense, 0.561338
halve, 0.561328
uncle, 0.561328
knelt, 0.561003
setup, 0.561003
upset, 0.561003
plait, 0.560517
poker, 0.560517
sheen, 0.560515
rider, 0.560378
roger, 0.560378
drier, 0.560378
bloat, 0.560192
splat, 0.560192
gazer, 0.56003
graze, 0.56003
singe, 0.559868
tarot, 0.55983
fiery, 0.559706
nerve, 0.559693
never, 0.559693
speak, 0.559381
waver, 0.559381
exact, 0.559057
deity, 0.559057
pulse, 0.558894
savor, 0.558894
boule, 0.558894
title, 0.558596
droit, 0.558408
poesy, 0.558083
power, 0.557921
scary, 0.557921
threw, 0.557597
staid, 0.557272
short, 0.55711
rerun, 0.557087
mouse, 0.556948
yield, 0.556948
alley, 0.556813
peach, 0.556785
cheap, 0.556785
greed, 0.556676
riper, 0.556539
fable, 0.556461
sleek, 0.555853
grain, 0.55565
drove, 0.55565
novel, 0.555487
carat, 0.555442
sweet, 0.555442
utter, 0.555442
grime, 0.555325
theta, 0.555305
antic, 0.555163
zebra, 0.555163
etude, 0.555031
scant, 0.554839
forge, 0.554676
fried, 0.554676
hover, 0.554676
decry, 0.554676
piety, 0.554514
elfin, 0.554514
tardy, 0.554514
creek, 0.554208
macro, 0.55419
equal, 0.55419
cagey, 0.553865
leech, 0.55366
shave, 0.553541
sport, 0.553541
fresh, 0.553378
bleak, 0.553378
elude, 0.553248
rival, 0.553216
cargo, 0.553216
acrid, 0.553216
viral, 0.553216
heady, 0.553054
model, 0.552892
spice, 0.552892
ladle, 0.552563
breed, 0.552563
boast, 0.552405
hoard, 0.552405
mange, 0.552243
chair, 0.552243
guest, 0.552081
rodeo, 0.552014
float, 0.551918
aloft, 0.551918
lodge, 0.551918
crash, 0.551918
liken, 0.551432
inane, 0.551329
prove, 0.551107
twine, 0.550945
brain, 0.550783
semen, 0.55078
tempo, 0.550458
guile, 0.550296
genie, 0.550232
mower, 0.549972
party, 0.549972
above, 0.549972
tepid, 0.549485
weird, 0.548998
wider, 0.548998
gavel, 0.548836
lapel, 0.548724
knead, 0.548511
trait, 0.548449
cobra, 0.548349
scrap, 0.548349
cleft, 0.548187
start, 0.548175
ovine, 0.548025
shrew, 0.5477
plied, 0.547376
mural, 0.546727
flute, 0.546727
broke, 0.546727
nasty, 0.546565
blast, 0.546402
began, 0.546402
honey, 0.54624
merge, 0.546118
scorn, 0.546078
mayor, 0.545916
evade, 0.545707
storm, 0.545591
freed, 0.54557
defer, 0.54557
awoke, 0.545429
noose, 0.545296
flake, 0.545105
revue, 0.545021
dairy, 0.544942
diary, 0.544942
heave, 0.544884
inlay, 0.54478
plant, 0.54478
rower, 0.544473
piece, 0.544336
perch, 0.544131
natal, 0.544062
hairy, 0.543969
essay, 0.54365
recur, 0.54365
prude, 0.543644
shirt, 0.543644
hazel, 0.543158
mover, 0.543158
shied, 0.543158
tenet, 0.543059
beach, 0.542996
ahead, 0.542965
kneel, 0.542828
guise, 0.542509
grove, 0.542184
mercy, 0.542184
diver, 0.542184
drive, 0.542184
freer, 0.542092
refer, 0.542092
ember, 0.542005
ralph, 0.54186
tango, 0.54186
tonga, 0.54186
rural, 0.541731
covet, 0.541698
north, 0.541698
thorn, 0.541698
sieve, 0.541594
stand, 0.541535
tweak, 0.541535
grief, 0.541211
piano, 0.541211
legal, 0.541182
niche, 0.541049
sinew, 0.541049
swine, 0.541049
seedy, 0.540908
exist, 0.540886
inner, 0.540634
scram, 0.5404
apart, 0.54036
orbit, 0.540075
raspy, 0.540075
spray, 0.540075
strip, 0.540075
cress, 0.539948
where, 0.539948
lefty, 0.539913
along, 0.539751
cigar, 0.539751
eight, 0.539589
spied, 0.539589
clove, 0.539589
golem, 0.539426
every, 0.539263
fetus, 0.53894
rover, 0.538714
court, 0.538615
shard, 0.538615
glide, 0.538453
haven, 0.538128
irony, 0.538128
sugar, 0.537966
broil, 0.537966
unmet, 0.537642
viper, 0.537642
paint, 0.537317
label, 0.537069
baton, 0.536993
croak, 0.536993
octet, 0.536932
aroma, 0.536932
basil, 0.536831
ardor, 0.536795
phone, 0.536668
event, 0.536658
ranch, 0.536506
cyber, 0.536344
brief, 0.536344
fiber, 0.536344
craft, 0.536182
elegy, 0.536109
aloud, 0.535857
hyper, 0.535857
nasal, 0.535698
demur, 0.535695
beady, 0.535695
debit, 0.535695
lumen, 0.535533
rarer, 0.535514
rapid, 0.535371
segue, 0.535287
plain, 0.535208
board, 0.535046
broad, 0.535046
stalk, 0.535046
twice, 0.535046
total, 0.535012
impel, 0.534884
buyer, 0.534884
money, 0.534722
chafe, 0.534722
lunge, 0.534559
stoic, 0.534559
sharp, 0.534073
abhor, 0.534073
hence, 0.534053
theme, 0.533641
globe, 0.533586
coupe, 0.533586
cello, 0.533367
chute, 0.533261
allot, 0.53323
atoll, 0.53323
dowel, 0.533099
track, 0.533099
dread, 0.533093
mason, 0.532937
speed, 0.532819
latch, 0.53245
tramp, 0.53245
adage, 0.532407
ruder, 0.532407
exile, 0.532407
rhino, 0.532126
clued, 0.532126
voice, 0.532126
whole, 0.532126
sheep, 0.531996
adult, 0.531964
ledge, 0.531859
alarm, 0.531859
foray, 0.531801
shorn, 0.531801
askew, 0.531639
frost, 0.531477
decoy, 0.531315
today, 0.531152
pence, 0.531036
glaze, 0.530666
purge, 0.530179
fella, 0.530076
viola, 0.529855
voila, 0.529855
demon, 0.529692
mince, 0.52953
salvo, 0.52953
piney, 0.529206
dwelt, 0.529206
randy, 0.529206
curio, 0.529043
boney, 0.528881
ebony, 0.528881
masse, 0.528842
tulle, 0.528842
giver, 0.528719
scour, 0.528719
dress, 0.528705
purer, 0.528568
agape, 0.528568
chaos, 0.528557
scaly, 0.528557
toast, 0.528431
audio, 0.528394
crawl, 0.528394
stork, 0.528394
giant, 0.528394
sense, 0.528307
seven, 0.528294
evict, 0.528232
queer, 0.528157
angst, 0.52807
rhyme, 0.527908
needy, 0.527882
sloth, 0.527746
bleed, 0.527745
fetid, 0.527421
river, 0.527334
biome, 0.527097
dryer, 0.526648
thief, 0.526448
align, 0.526285
scarf, 0.526285
armor, 0.526237
seize, 0.526237
marsh, 0.526123
slang, 0.525961
vital, 0.525961
flirt, 0.525799
blaze, 0.525799
torch, 0.525799
worst, 0.525799
vegan, 0.525637
paper, 0.525414
hovel, 0.525312
field, 0.525312
waist, 0.524988
press, 0.524866
crust, 0.524825
wooer, 0.524729
print, 0.524663
pilot, 0.524501
audit, 0.524501
truly, 0.524339
whose, 0.524339
maize, 0.524176
shelf, 0.524014
flesh, 0.524014
bleep, 0.523906
spend, 0.523852
verge, 0.523632
scald, 0.523527
spoke, 0.523365
tepee, 0.523263
maybe, 0.523203
derby, 0.523041
draft, 0.522879
clash, 0.522554
waive, 0.522554
troll, 0.522535
curve, 0.522392
warty, 0.52223
tract, 0.521712
braid, 0.521581
rabid, 0.521581
adopt, 0.521581
grasp, 0.521581
stall, 0.521575
arbor, 0.521301
hello, 0.521301
roost, 0.521027
torso, 0.521027
epoch, 0.52077
white, 0.52077
minor, 0.520607
aptly, 0.520607
teeth, 0.520568
quote, 0.520283
hoist, 0.520283
brash, 0.520283
eying, 0.520283
deuce, 0.520204
bilge, 0.520121
twirl, 0.520121
groin, 0.519634
about, 0.519634
wield, 0.519634
prize, 0.519472
ovary, 0.519309
solid, 0.519147
tonic, 0.519147
scalp, 0.518985
clasp, 0.518985
video, 0.518823
boxer, 0.51866
while, 0.51866
weave, 0.518422
fairy, 0.518336
welsh, 0.518336
lasso, 0.518285
fewer, 0.518285
testy, 0.518285
vista, 0.518174
beget, 0.518147
first, 0.518012
blend, 0.517849
dicey, 0.517849
tweed, 0.517736
urban, 0.517687
shove, 0.517525
snout, 0.517363
bloke, 0.517363
enemy, 0.517325
badge, 0.5172
swept, 0.516876
posit, 0.516714
soapy, 0.516714
loamy, 0.516551
rusty, 0.516551
melee, 0.516482
coven, 0.516389
hasty, 0.516389
lyric, 0.516227
choir, 0.516227
denim, 0.516227
gnome, 0.516227
wrath, 0.516227
merry, 0.516091
front, 0.516065
linen, 0.515817
angry, 0.51574
daily, 0.515578
exult, 0.515578
smoke, 0.515416
faint, 0.515254
sadly, 0.515254
deign, 0.515254
totem, 0.515131
wheel, 0.515131
drawl, 0.515091
skirt, 0.514929
robin, 0.514767
below, 0.514767
elbow, 0.514767
bowel, 0.514767
ratty, 0.51472
spoil, 0.514605
surly, 0.514442
neigh, 0.51428
hinge, 0.51428
vicar, 0.514118
heavy, 0.513956
aunty, 0.513793
basin, 0.513631
tubal, 0.513631
tithe, 0.513486
sheik, 0.513469
dopey, 0.513469
final, 0.513145
pasty, 0.51282
patsy, 0.51282
devil, 0.51282
tumor, 0.51282
glove, 0.51282
fever, 0.512526
fence, 0.512389
wrist, 0.512333
chide, 0.511847
stank, 0.511847
grout, 0.511847
unlit, 0.511684
until, 0.511684
modal, 0.511522
claim, 0.51136
error, 0.511232
berry, 0.511155
rally, 0.511155
salad, 0.511018
froze, 0.510873
palsy, 0.510711
spilt, 0.510711
split, 0.510711
focal, 0.510711
grand, 0.510711
geese, 0.510576
stony, 0.510549
swirl, 0.510224
delve, 0.510195
moose, 0.510058
briar, 0.509921
endow, 0.5099
spike, 0.5099
lurid, 0.509738
detox, 0.509738
vapor, 0.509738
wince, 0.509738
shell, 0.509647
arrow, 0.509509
graft, 0.509413
knave, 0.509413
visor, 0.509413
larva, 0.509372
mauve, 0.509251
chant, 0.509251
scion, 0.509251
sonic, 0.509251
clout, 0.509251
afoul, 0.509251
canal, 0.509235
goose, 0.509235
befit, 0.509089
femur, 0.509089
pasta, 0.508961
newly, 0.508926
shark, 0.508926
dunce, 0.508926
moist, 0.508764
daunt, 0.508764
heath, 0.508413
vague, 0.508278
envoy, 0.508115
crank, 0.507791
haunt, 0.507791
daisy, 0.507791
cloak, 0.507629
issue, 0.50759
chard, 0.507304
perky, 0.507142
spurt, 0.50698
turbo, 0.50698
quiet, 0.506817
quite, 0.506817
spell, 0.50663
quest, 0.506493
crony, 0.506493
corny, 0.506493
movie, 0.506331
eject, 0.506082
plaid, 0.506006
brand, 0.505844
joker, 0.505682
excel, 0.50567
lorry, 0.505533
sweep, 0.505533
fault, 0.505357
spark, 0.505357
amity, 0.505195
posse, 0.505122
dirty, 0.505033
crass, 0.504985
slurp, 0.504871
micro, 0.504708
belle, 0.504485
ferry, 0.504162
taint, 0.504025
titan, 0.504025
array, 0.504002
depth, 0.503573
friar, 0.502928
carry, 0.502928
glory, 0.502924
odder, 0.502654
debut, 0.502599
quart, 0.502275
gaily, 0.502113
fiend, 0.502113
plume, 0.501788
scout, 0.501464
zesty, 0.501464
sauna, 0.50142
pinto, 0.501301
point, 0.501301
noisy, 0.500977
blurt, 0.500977
belch, 0.500977
anvil, 0.500653
thyme, 0.500653
apple, 0.500597
venue, 0.500597
sworn, 0.50049
medic, 0.500328
radar, 0.500253
tenth, 0.500186
oxide, 0.500166
admit, 0.500166
round, 0.500004
smell, 0.499912
incur, 0.499841
chain, 0.499679
china, 0.499679
locus, 0.499355
chime, 0.499355
third, 0.49903
hardy, 0.49903
sorry, 0.498952
crisp, 0.498868
kneed, 0.49854
local, 0.498403
vocal, 0.498219
guide, 0.497895
basic, 0.497732
koala, 0.497581
women, 0.497408
tweet, 0.49723
empty, 0.497083
binge, 0.496921
fixer, 0.496921
being, 0.496921
begin, 0.496921
fatal, 0.496895
brawl, 0.496759
flour, 0.496597
cloth, 0.496434
widen, 0.496434
stool, 0.49621
panic, 0.49611
bravo, 0.495948
stack, 0.495948
zonal, 0.495948
bacon, 0.495786
choke, 0.495623
basal, 0.495524
whine, 0.495461
gaunt, 0.495299
stamp, 0.495299
libel, 0.49525
fetch, 0.494812
march, 0.494812
charm, 0.494812
swarm, 0.494812
bevel, 0.494701
foist, 0.49465
clang, 0.49465
drank, 0.494488
harpy, 0.494488
radii, 0.49429
query, 0.494163
broth, 0.494163
throb, 0.494163
vowel, 0.494001
beech, 0.493879
slack, 0.493839
habit, 0.493352
guard, 0.493352
psalm, 0.49319
helix, 0.49319
burst, 0.49319
vault, 0.492865
color, 0.492782
bused, 0.492703
agony, 0.492379
ingot, 0.492379
covey, 0.492216
horny, 0.492216
sandy, 0.492054
forty, 0.491892
drawn, 0.491892
awake, 0.491411
loyal, 0.491411
alloy, 0.491411
dried, 0.491273
cramp, 0.491243
prior, 0.491136
lousy, 0.491081
harry, 0.490862
venom, 0.490594
attic, 0.490588
tacit, 0.490588
expel, 0.490588
login, 0.49027
lingo, 0.49027
evoke, 0.490177
emcee, 0.490122
gauze, 0.490107
trout, 0.490039
tutor, 0.490039
prank, 0.489945
bicep, 0.489945
polka, 0.489783
pixel, 0.489621
girly, 0.489458
level, 0.489007
feign, 0.488647
tangy, 0.488485
razor, 0.488394
bless, 0.488394
nomad, 0.488323
caput, 0.488323
hotly, 0.488161
manic, 0.488161
waxen, 0.488161
tally, 0.48812
axion, 0.487998
saucy, 0.487998
parry, 0.487846
enjoy, 0.487836
favor, 0.487674
wreck, 0.487674
drama, 0.487571
pansy, 0.487512
mourn, 0.487512
scold, 0.487512
manly, 0.487349
prawn, 0.487349
gonad, 0.487349
rotor, 0.487194
lusty, 0.487187
shout, 0.487187
south, 0.487187
bugle, 0.487025
bulge, 0.487025
welch, 0.487025
lilac, 0.487023
primo, 0.486863
hedge, 0.486749
mirth, 0.486538
hefty, 0.486538
glint, 0.486376
count, 0.486052
froth, 0.485889
forth, 0.485889
await, 0.485789
cache, 0.485652
right, 0.485565
girth, 0.485565
eking, 0.485565
optic, 0.485403
topic, 0.485403
fruit, 0.48524
chief, 0.48524
yacht, 0.485078
faith, 0.485078
dozen, 0.484916
amaze, 0.484829
cavil, 0.484754
shaft, 0.484754
cheek, 0.484281
salsa, 0.483929
queen, 0.483732
spout, 0.483618
trick, 0.483618
piper, 0.483595
rigor, 0.483595
moult, 0.483456
tasty, 0.483321
swell, 0.483184
curly, 0.483131
gecko, 0.483131
grunt, 0.482645
flash, 0.482645
banal, 0.482498
grass, 0.482361
cabin, 0.48232
savoy, 0.482158
nudge, 0.482158
duvet, 0.481833
spurn, 0.481671
stilt, 0.481538
ennui, 0.481538
drool, 0.481538
major, 0.481509
gland, 0.481347
marry, 0.481127
mania, 0.481127
iliac, 0.480716
birth, 0.480698
imbue, 0.480536
again, 0.480304
fraud, 0.480211
throw, 0.480211
woken, 0.480211
worth, 0.480211
penne, 0.48018
class, 0.480167
disco, 0.480049
gorge, 0.479893
sally, 0.479756
still, 0.479756
flume, 0.479724
croup, 0.479562
troop, 0.479482
bezel, 0.479345
swath, 0.479076
world, 0.479076
quota, 0.478913
circa, 0.478796
sting, 0.478589
taboo, 0.478522
clank, 0.478427
strut, 0.478385
trust, 0.478385
speck, 0.478264
aglow, 0.478264
brass, 0.478248
avail, 0.478248
edify, 0.47794
tulip, 0.47794
bench, 0.477778
brunt, 0.477778
burnt, 0.477778
bison, 0.477615
avoid, 0.477453
borax, 0.477291
lurch, 0.477129
shawl, 0.476966
sigma, 0.476804
petty, 0.47674
sling, 0.47648
bland, 0.47648
droll, 0.476465
given, 0.476155
taunt, 0.476054
graph, 0.475993
rumba, 0.475993
umbra, 0.475993
mecca, 0.475917
weedy, 0.475917
gooey, 0.47578
patch, 0.475506
hymen, 0.475344
mango, 0.474857
among, 0.474857
admin, 0.474857
gusto, 0.474695
shall, 0.474683
cross, 0.474546
prowl, 0.474533
logic, 0.474371
brawn, 0.47356
midge, 0.47356
drift, 0.473397
notch, 0.473235
flint, 0.473235
prism, 0.473073
embed, 0.4729
motor, 0.472763
donut, 0.472748
tryst, 0.472626
gnash, 0.472586
tunic, 0.472586
knife, 0.472424
vogue, 0.472262
sprig, 0.472099
quake, 0.472099
diode, 0.471529
afoot, 0.471529
macho, 0.471451
valid, 0.471451
mocha, 0.471451
chord, 0.471288
sword, 0.471288
adapt, 0.471255
index, 0.470964
award, 0.470844
butte, 0.470844
woven, 0.470802
snack, 0.470639
sumac, 0.470477
prong, 0.470153
bayou, 0.470153
lanky, 0.470153
chess, 0.470021
truss, 0.470021
pesky, 0.46999
stash, 0.469884
ivory, 0.469828
aloof, 0.469747
tawny, 0.469666
vaunt, 0.469666
flout, 0.469341
crush, 0.469341
aping, 0.469341
parka, 0.469198
crown, 0.469179
whelp, 0.469179
cabal, 0.469061
unfed, 0.469017
guilt, 0.469017
crypt, 0.468855
alpha, 0.46865
slash, 0.468101
frank, 0.467881
robot, 0.467827
match, 0.467557
datum, 0.46707
porch, 0.466746
geeky, 0.46673
trunk, 0.466421
proud, 0.466259
thank, 0.466259
jewel, 0.465771
growl, 0.46561
risky, 0.465448
juice, 0.465286
beefy, 0.465222
squat, 0.465123
drill, 0.465085
small, 0.464948
naval, 0.464948
scuba, 0.464637
whirl, 0.464637
annex, 0.464537
topaz, 0.464312
unity, 0.464312
built, 0.46415
fleck, 0.463988
begun, 0.463826
quail, 0.463339
tipsy, 0.463339
unwed, 0.463339
dross, 0.463303
udder, 0.463303
hydro, 0.463014
laugh, 0.463014
sound, 0.462852
virus, 0.462852
fluke, 0.462528
lofty, 0.462528
axial, 0.46248
karma, 0.46248
snaky, 0.462365
stink, 0.462365
donor, 0.461931
stint, 0.461931
shady, 0.461879
ghost, 0.461879
clamp, 0.461879
joist, 0.461879
batch, 0.461717
frond, 0.461554
belly, 0.46152
briny, 0.461392
grind, 0.46123
honor, 0.461109
caulk, 0.461068
candy, 0.460743
plank, 0.460581
bribe, 0.460286
wedge, 0.460286
slink, 0.460256
mount, 0.460256
allay, 0.460228
stock, 0.459932
allow, 0.459875
shirk, 0.459445
stomp, 0.459283
ozone, 0.459189
canon, 0.459189
floor, 0.459052
avian, 0.458641
stout, 0.458641
guess, 0.458229
madly, 0.458147
shunt, 0.457985
swami, 0.457985
scrum, 0.457823
offer, 0.457681
chasm, 0.457661
glass, 0.457544
syrup, 0.457498
humor, 0.457336
gourd, 0.457336
catty, 0.456858
rumor, 0.456447
shank, 0.456363
rough, 0.456363
tacky, 0.456363
light, 0.456201
sooty, 0.456173
crazy, 0.456038
synod, 0.456038
woman, 0.456038
touch, 0.455876
drown, 0.455876
cacti, 0.455761
tibia, 0.455761
epoxy, 0.455714
upper, 0.455624
quasi, 0.455552
scowl, 0.455227
cycle, 0.455213
wagon, 0.455065
cloud, 0.45474
input, 0.45474
could, 0.45474
harsh, 0.45439
scamp, 0.454092
alibi, 0.453979
flask, 0.453929
churn, 0.453929
grill, 0.453705
amply, 0.453605
gamut, 0.453605
thrum, 0.453443
flail, 0.453293
slimy, 0.45328
chirp, 0.45328
theft, 0.453019
annul, 0.452882
spank, 0.452794
group, 0.452794
weigh, 0.452794
aphid, 0.452631
badly, 0.452307
jerky, 0.452307
annoy, 0.452196
amiss, 0.452059
scrub, 0.451983
stood, 0.451922
gross, 0.451922
burly, 0.451496
moron, 0.451374
vigor, 0.451334
gauge, 0.451237
usual, 0.451237
twang, 0.451171
shoot, 0.4511
sooth, 0.4511
truck, 0.450522
midst, 0.45036
spawn, 0.450198
trump, 0.449873
smith, 0.449387
jaunt, 0.449387
junta, 0.449387
ditto, 0.448906
assay, 0.44862
sight, 0.448413
blunt, 0.448413
colon, 0.448357
chalk, 0.448251
toxin, 0.448089
stoop, 0.448083
smirk, 0.447927
equip, 0.447764
pique, 0.447764
watch, 0.447764
rocky, 0.447602
youth, 0.447602
gravy, 0.44744
month, 0.44744
llama, 0.447168
rajah, 0.447123
basis, 0.447123
blank, 0.446791
album, 0.446629
joint, 0.446467
handy, 0.446467
stick, 0.446467
thong, 0.446467
axiom, 0.446304
wrack, 0.446304
sloop, 0.446301
spool, 0.446301
dogma, 0.445655
nobly, 0.445493
stung, 0.445493
magic, 0.445493
dwell, 0.445478
cling, 0.445169
drink, 0.445006
bigot, 0.444844
havoc, 0.444844
bonus, 0.44452
furor, 0.444518
slick, 0.444358
pouty, 0.444033
limbo, 0.443709
slung, 0.443384
filth, 0.44306
bring, 0.442897
villa, 0.442736
verve, 0.442694
frill, 0.442599
shrug, 0.442573
grown, 0.442411
wrong, 0.442411
valve, 0.442187
brisk, 0.442086
dally, 0.44205
patty, 0.441776
crimp, 0.441762
cacao, 0.441727
shiny, 0.4416
lucid, 0.441275
fauna, 0.441227
morph, 0.440951
idiot, 0.440816
human, 0.440788
shack, 0.440464
blond, 0.440464
krill, 0.439993
crowd, 0.439977
minty, 0.439977
truth, 0.439856
balmy, 0.439815
clown, 0.439815
birch, 0.439491
igloo, 0.439034
tying, 0.439004
awash, 0.438622
flank, 0.438517
pagan, 0.438485
spiny, 0.43803
silly, 0.437937
dingo, 0.437868
doing, 0.437868
shrub, 0.437706
brush, 0.437706
slosh, 0.437663
foamy, 0.437544
brown, 0.437544
motif, 0.437544
abbey, 0.437251
lying, 0.436895
minus, 0.436895
boost, 0.436429
silky, 0.436084
dwarf, 0.436084
suing, 0.435921
using, 0.435921
itchy, 0.435597
amass, 0.43556
bible, 0.435469
shift, 0.435272
wharf, 0.43511
study, 0.434786
dusty, 0.434786
debug, 0.434624
budge, 0.434624
teddy, 0.434509
fancy, 0.434137
stunt, 0.433961
mafia, 0.433961
penny, 0.433961
worry, 0.433961
frisk, 0.433812
droop, 0.433412
curry, 0.433138
pivot, 0.433001
thing, 0.433001
night, 0.433001
quell, 0.432864
unfit, 0.432677
shaky, 0.43219
toxic, 0.43219
vixen, 0.431866
manga, 0.431767
dowry, 0.431703
rowdy, 0.431703
wordy, 0.431703
forum, 0.431703
roomy, 0.430944
black, 0.430892
ionic, 0.43067
waltz, 0.430568
ditch, 0.430568
jetty, 0.430396
batty, 0.430121
mouth, 0.430081
spill, 0.429847
frown, 0.42927
stunk, 0.42927
ought, 0.429108
tough, 0.429108
smack, 0.428945
clink, 0.428945
wring, 0.428945
undue, 0.428887
joust, 0.428783
child, 0.428459
folio, 0.427928
slunk, 0.427161
gloss, 0.427105
ghoul, 0.426999
blind, 0.426999
augur, 0.426968
jelly, 0.426831
spoon, 0.426694
snoop, 0.426694
brink, 0.426674
fudge, 0.42635
pitch, 0.426025
botch, 0.425701
rabbi, 0.425322
doubt, 0.425214
limit, 0.425185
vomit, 0.425052
lunch, 0.424565
grimy, 0.424565
prick, 0.424565
outdo, 0.424226
snowy, 0.423754
quilt, 0.423429
crook, 0.423403
fatty, 0.423129
banjo, 0.423105
flack, 0.422618
musty, 0.422294
dodge, 0.422169
plush, 0.422132
spicy, 0.422132
moldy, 0.422132
brood, 0.421758
mangy, 0.421483
gusty, 0.42132
godly, 0.421158
hurry, 0.421072
plaza, 0.421072
music, 0.420996
gouge, 0.420798
occur, 0.420386
focus, 0.420347
coach, 0.420249
bylaw, 0.420023
bingo, 0.419536
booze, 0.419015
awful, 0.418562
quark, 0.418076
pithy, 0.417751
shown, 0.417751
gassy, 0.417507
hound, 0.417265
catch, 0.416959
opium, 0.41694
juror, 0.416821
think, 0.416778
nylon, 0.416684
gaudy, 0.416616
union, 0.416136
fritz, 0.416129
floss, 0.415999
frock, 0.415967
crack, 0.415725
mogul, 0.41548
groom, 0.415313
cocoa, 0.414882
guild, 0.414507
vapid, 0.414507
flaky, 0.414344
canny, 0.414079
pound, 0.413695
queue, 0.413673
abbot, 0.413668
abyss, 0.413394
stuck, 0.413371
junto, 0.413371
scoop, 0.413257
smash, 0.413257
outgo, 0.412845
loopy, 0.412845
stump, 0.412722
modem, 0.412434
clung, 0.412073
drunk, 0.411911
dolly, 0.411611
bliss, 0.411611
vinyl, 0.411262
broom, 0.4112
proof, 0.410926
holly, 0.410789
brick, 0.410775
papal, 0.41065
squad, 0.410613
slump, 0.410613
spasm, 0.41024
sixty, 0.410126
sully, 0.409966
leggy, 0.409966
twist, 0.409966
young, 0.409802
build, 0.40964
quash, 0.40964
photo, 0.409555
would, 0.409153
dimly, 0.408666
crump, 0.408666
skill, 0.408595
swamp, 0.408504
champ, 0.408504
blush, 0.408342
blown, 0.408179
kebab, 0.407909
gaffe, 0.407635
pixie, 0.407498
knoll, 0.406949
ficus, 0.406882
privy, 0.406882
swill, 0.406401
chill, 0.406401
qualm, 0.405908
phony, 0.405908
mound, 0.405746
cumin, 0.405584
owing, 0.405584
fling, 0.405259
tooth, 0.405209
icily, 0.405167
hatch, 0.404893
shock, 0.404448
sixth, 0.404124
imply, 0.404124
condo, 0.40407
swift, 0.403961
conic, 0.403933
ditty, 0.403796
forgo, 0.403384
swoon, 0.403247
rigid, 0.40311
sulky, 0.402988
booty, 0.402973
vodka, 0.402826
macaw, 0.402425
ninth, 0.402013
onion, 0.401702
proxy, 0.40169
femme, 0.401581
fluid, 0.401366
thick, 0.400879
pinch, 0.400717
nutty, 0.400505
myrrh, 0.400505
golly, 0.400231
dilly, 0.400231
idyll, 0.400231
chili, 0.400094
flush, 0.400068
flown, 0.399906
bound, 0.399906
aback, 0.399682
furry, 0.399408
hilly, 0.399408
climb, 0.398608
slush, 0.398311
witch, 0.398283
offal, 0.3979
booth, 0.3979
dutch, 0.397472
blink, 0.39731
blood, 0.39694
pouch, 0.396823
brook, 0.396666
motto, 0.396623
swash, 0.396529
visit, 0.396118
wrung, 0.39585
gipsy, 0.395363
blitz, 0.395039
block, 0.394876
crumb, 0.394876
guava, 0.394609
showy, 0.393578
judge, 0.393578
smock, 0.39293
usurp, 0.392415
tatty, 0.392229
sushi, 0.392004
swing, 0.391794
curvy, 0.391632
found, 0.391632
dryly, 0.391319
might, 0.391307
clack, 0.390907
gayly, 0.390633
gloom, 0.390496
apply, 0.390085
flood, 0.389947
wooly, 0.389399
folly, 0.389125
aging, 0.389125
comma, 0.388713
bitty, 0.388302
snuck, 0.388063
staff, 0.388028
cough, 0.3879
mossy, 0.387891
tight, 0.387342
flock, 0.386602
druid, 0.38652
bloom, 0.386383
ninja, 0.386383
wound, 0.385953
lipid, 0.385834
fishy, 0.385791
rugby, 0.385629
crock, 0.385286
width, 0.38498
billy, 0.384737
smoky, 0.384656
dying, 0.384493
dingy, 0.384493
lowly, 0.384326
idiom, 0.384189
quoth, 0.38352
sappy, 0.383503
unify, 0.383196
bossy, 0.382955
mulch, 0.382871
coyly, 0.382818
filmy, 0.38206
gulch, 0.381898
timid, 0.380898
blimp, 0.380762
check, 0.380761
skull, 0.380624
fanny, 0.38035
digit, 0.380075
shook, 0.379938
bosom, 0.379801
spoof, 0.379527
clump, 0.379302
downy, 0.37914
spiky, 0.37914
butch, 0.37914
milky, 0.378977
kitty, 0.378704
finch, 0.378653
dandy, 0.378156
plunk, 0.378004
filly, 0.377744
fight, 0.377193
spook, 0.376922
wispy, 0.376544
witty, 0.37651
missy, 0.37651
murky, 0.375246
inbox, 0.375246
pushy, 0.374759
pooch, 0.374728
swoop, 0.374728
dough, 0.374597
crick, 0.373905
flick, 0.373137
ovoid, 0.373083
winch, 0.372975
fjord, 0.372975
willy, 0.372946
dully, 0.37226
sassy, 0.372213
flung, 0.372164
putty, 0.371986
lucky, 0.371677
wight, 0.371515
uncut, 0.371437
lumpy, 0.371028
sunny, 0.370752
fugue, 0.37034
spunk, 0.370217
icing, 0.369929
wacky, 0.369568
toddy, 0.369106
comic, 0.368695
quirk, 0.368594
tabby, 0.368558
civil, 0.367872
punch, 0.367621
bawdy, 0.367621
lupus, 0.367598
oddly, 0.367324
thump, 0.367134
mushy, 0.36681
pubic, 0.365999
bongo, 0.365953
windy, 0.365674
conch, 0.36513
caddy, 0.364719
whiny, 0.364701
fungi, 0.364701
wryly, 0.364033
pinky, 0.363727
whack, 0.363565
hitch, 0.363073
vouch, 0.362267
pluck, 0.362105
humid, 0.362105
mambo, 0.361977
moody, 0.361839
blurb, 0.361839
skimp, 0.361618
jolly, 0.361428
goody, 0.361017
bushy, 0.36097
gully, 0.36088
clock, 0.360468
madam, 0.359742
munch, 0.359672
polyp, 0.359646
shyly, 0.359097
cynic, 0.358823
swung, 0.358698
going, 0.358686
hussy, 0.358275
lymph, 0.358212
shuck, 0.357887
glyph, 0.357238
bully, 0.356766
livid, 0.356629
slyly, 0.356477
comfy, 0.356427
bough, 0.356265
quill, 0.356081
flunk, 0.35594
swish, 0.35471
taffy, 0.354572
pupil, 0.354024
bunch, 0.353831
cinch, 0.35375
thumb, 0.353345
ruddy, 0.35279
dusky, 0.350587
couch, 0.350459
fully, 0.349774
gamma, 0.349706
magma, 0.349706
paddy, 0.349636
husky, 0.349613
quack, 0.349613
kappa, 0.349464
click, 0.349088
howdy, 0.348964
hippo, 0.348265
duchy, 0.347991
picky, 0.347829
plumb, 0.347666
stiff, 0.346209
vying, 0.345395
whisk, 0.345395
vigil, 0.345249
woody, 0.345112
happy, 0.344975
gumbo, 0.344746
kiosk, 0.344289
unzip, 0.342962
gawky, 0.342799
squib, 0.342799
chunk, 0.342475
undid, 0.342095
nanny, 0.34104
thigh, 0.34045
bulky, 0.340041
sissy, 0.338852
goofy, 0.33853
musky, 0.338095
soggy, 0.337982
kayak, 0.337855
fussy, 0.336611
lobby, 0.336337
whoop, 0.336199
khaki, 0.336199
hutch, 0.335103
nymph, 0.335012
knack, 0.334965
juicy, 0.334525
hunky, 0.334201
cabby, 0.333731
mucus, 0.327836
chump, 0.325927
savvy, 0.325093
sniff, 0.324819
cubic, 0.324408
twixt, 0.323448
scoff, 0.322762
cluck, 0.321117
pulpy, 0.320294
wimpy, 0.319438
dumpy, 0.318627
stuff, 0.318238
cliff, 0.317963
pudgy, 0.317653
bunny, 0.317552
maxim, 0.317278
humus, 0.31577
known, 0.31577
chock, 0.315358
baggy, 0.315221
chaff, 0.314673
hunch, 0.313713
fifty, 0.312753
dodgy, 0.311656
shush, 0.311494
skulk, 0.311245
funny, 0.310559
funky, 0.308568
boozy, 0.308503
minim, 0.307746
fifth, 0.30768
ninny, 0.30768
mucky, 0.306784
plump, 0.305486
knock, 0.304526
chick, 0.303978
hippy, 0.303155
widow, 0.302196
booby, 0.301095
buxom, 0.300456
gypsy, 0.300413
giddy, 0.300276
quick, 0.300132
jumbo, 0.298834
snuff, 0.296848
woozy, 0.296711
biddy, 0.296163
mimic, 0.295895
dowdy, 0.295751
civic, 0.295291
affix, 0.29342
gruff, 0.292186
skunk, 0.291638
mamma, 0.291576
hobby, 0.291227
which, 0.289718
pizza, 0.286565
kinky, 0.286153
piggy, 0.285057
daddy, 0.281976
foggy, 0.27779
chuck, 0.276007
skiff, 0.275047
muddy, 0.273128
buddy, 0.268192
guppy, 0.264627
humph, 0.263393
bluff, 0.263256
dummy, 0.26257
jumpy, 0.259249
mammy, 0.25671
pygmy, 0.25215
gummy, 0.25119
poppy, 0.248506
vivid, 0.246318
buggy, 0.245431
puffy, 0.234873
whiff, 0.234325
bobby, 0.220615
puppy, 0.217115
jiffy, 0.2165
dizzy, 0.214855
jazzy, 0.206491
fluff, 0.204427
mummy, 0.201036
fizzy, 0.192369
fuzzy, 0.164398